years_experience,education_level,skills_score,salary
11.6,2,79,881700
6.6,1,56,645400
12.9,2,65,886000
10.5,2,24,772100
1.4,3,43,549900
14.6,1,56,800700
11.4,1,44,726100
11.8,2,71,845100
1.9,1,90,519800
6.8,1,42,667600
5.6,1,47,582600
13.9,1,64,764800
9.7,1,84,742400
12.3,1,42,750200
6.7,1,64,649600
3.4,1,87,564000
8.3,1,35,667300
1.0,2,41,427900
12.4,1,54,830000
9.5,3,52,830400
11.4,3,72,905800
5.3,1,64,628900
14.6,1,33,746600
13.4,2,68,911800
11.7,2,51,843000
2.9,2,79,594700
7.0,2,51,760900
0.7,2,50,419100
2.3,2,68,612800
10.2,1,71,776000
11.2,2,67,820100
14.5,1,35,797200
4.9,2,68,633600
5.6,3,44,687600
7.0,1,64,688600
2.8,2,39,539100
1.9,1,67,451000
7.1,2,48,740900
3.4,1,41,528200
10.0,3,71,940900
6.6,1,64,678700
12.5,3,51,955800
10.5,2,82,813300
4.7,2,53,621200
12.5,2,60,845100
12.1,2,64,874700
5.8,3,51,713200
4.3,1,67,574400
10.2,2,52,865000
2.1,1,54,451000
3.0,2,80,617900
0.1,1,44,327700
11.8,2,24,795600
10.0,2,84,861400
10.6,1,98,854300
11.7,2,54,880300
6.9,2,31,723300
8.5,2,55,777400
2.1,1,56,477400
1.7,2,57,467200
10.0,3,43,844800
7.1,1,69,717300
8.5,1,68,757500
11.5,1,38,758900
9.5,2,70,849700
8.3,1,91,781700
8.4,2,63,815600
4.6,2,55,638900
0.5,1,58,370900
6.6,3,69,801900
3.2,2,34,443900
6.1,1,62,652800
12.8,1,54,696000
3.5,1,88,530800
0.9,1,57,414400
4.2,1,85,621900
4.4,3,43,625500
9.9,1,69,750300
8.4,1,65,764300
11.8,2,47,820200
10.0,2,63,890700
6.1,3,78,790000
12.2,2,55,869000
2.5,1,35,489600
0.3,1,60,378300
1.4,3,46,496800
10.8,2,55,824700
6.9,3,59,783200
2.4,1,34,393600
7.5,3,36,755300
2.3,2,67,526900
10.4,1,52,781100
6.7,2,22,651800
5.7,2,72,695900
4.5,1,64,579100
9.5,1,49,732000
5.4,2,40,653800
1.3,1,73,420400
1.8,1,65,429900
14.4,1,96,936900
13.6,1,66,827000
10.5,3,66,858400
4.0,2,57,621900
14.5,1,72,875600
11.7,3,69,886400
10.8,3,79,938100
6.7,1,52,666800
4.1,2,53,616900
1.4,1,53,438400
13.5,3,72,926600
6.8,2,82,772200
3.0,2,53,547800
4.6,1,54,554000
8.7,3,65,878100
2.7,1,56,532700
12.8,1,74,895300
11.4,1,26,768300
10.8,2,48,812100
6.5,1,48,641100
9.4,3,25,822500
8.8,2,46,764300
9.7,1,46,729100
1.3,1,57,446300
6.2,1,77,670200
0.6,2,56,421400
7.4,2,45,703400
4.9,1,59,608700
2.2,2,76,560600
1.6,1,45,425400
8.8,2,46,780700
2.6,3,68,614000
13.9,2,57,910000
8.7,2,70,812300
5.2,2,60,626400
8.9,1,71,791800
0.3,1,44,330500
14.4,1,60,789300
7.2,2,57,699500
11.7,2,42,793100
1.2,2,37,442000
7.3,3,70,809300
7.4,1,55,663800
14.1,2,45,886900
8.6,1,59,728500
7.1,1,77,713000
4.0,2,26,565100
5.0,3,38,694400
7.8,2,46,667300
6.6,1,82,684300
0.3,2,64,376200
12.4,1,72,832000
13.4,3,43,914900
2.1,2,43,527700
8.3,1,67,759400
1.6,1,61,450000
10.1,1,68,759900
4.2,3,57,691700
9.9,1,64,746800
10.9,2,62,842800
11.5,2,72,903300
1.6,2,72,507000
13.7,1,36,810900
3.5,3,26,611200
0.6,1,75,388800
8.3,2,78,832800
5.6,2,45,672900
12.4,2,32,822000
12.1,3,61,902800
4.8,1,74,586900
14.3,2,87,930200
4.4,1,68,601600
7.7,1,54,653100
3.8,1,47,535100
14.0,1,60,796700
2.5,1,56,472800
0.7,1,45,372100
6.5,1,91,781300
14.9,2,87,911800
13.4,2,77,960400
11.2,1,46,765100
13.4,1,73,861400
13.4,1,70,847200
7.8,2,67,781700
4.7,1,79,613000
11.6,1,70,855800
9.9,1,71,761600
5.6,1,70,670900
1.4,1,65,421700
11.2,2,33,795400
3.9,2,61,579300
14.1,2,52,894500
3.6,2,41,605700
1.8,2,85,554800
12.5,1,86,852000
2.3,2,80,539100
2.7,2,64,555900
9.0,1,80,719700
13.1,2,60,853700
2.9,1,63,517100
4.7,2,44,654100
11.7,2,66,951200
14.6,3,61,945500
7.5,3,40,813200
2.2,2,59,537300
0.2,2,59,422600
3.4,2,87,649200
2.0,1,73,487300
10.2,2,60,826300
1.8,1,64,447100
7.6,1,61,649200
10.4,1,57,716100
8.7,2,44,773800
3.0,1,58,497600
12.1,1,49,766200
10.7,1,41,740800
11.1,1,68,821900
2.0,1,66,478200
1.9,2,33,448800
13.9,1,58,865900
6.0,2,75,768400
4.5,3,76,738800
7.3,1,75,735800
9.9,1,61,794500
14.3,2,47,908300
4.3,1,44,556400
13.9,1,65,859600
0.4,3,66,526100
8.3,3,79,832400
9.5,2,76,854900
1.6,1,58,397900
2.1,2,41,468800
6.3,2,55,735100
14.5,1,63,870700
8.9,2,57,827900
14.0,1,51,809600
12.1,1,64,776500
7.0,2,52,707900
11.8,1,51,785000
0.3,1,65,385700
1.6,2,54,525400
12.4,3,64,925700
12.0,2,64,879800
3.5,2,43,531900
8.0,3,53,822900
9.1,1,82,774000
13.0,1,43,766400
9.0,1,28,666800
6.2,1,32,585400
5.6,2,60,670900
6.4,1,60,701700
9.8,1,58,746400
13.0,1,78,844600
6.8,1,20,527700
3.7,3,66,644900
3.5,1,83,565600
11.2,1,43,734700
12.2,1,54,836400
1.6,1,49,417400
1.0,2,47,486800
8.9,1,55,721500
2.2,1,81,510700
12.4,1,88,857100
4.7,2,55,634500
2.2,2,89,635500
13.8,2,61,823600
2.5,2,86,532900
4.3,2,59,608700
2.3,1,62,480600
1.7,1,65,476900
0.3,2,100,520600
0.8,1,73,412900
2.6,2,49,561600
0.8,1,75,458900
8.9,2,55,785200
10.2,3,53,899200
5.9,2,74,723700
4.8,3,60,690600
7.6,2,64,777500
13.1,3,60,944400
12.8,1,65,825300
0.7,1,66,450800
2.7,2,31,429800
3.6,1,70,512000
3.7,1,45,478400
8.6,3,38,789600
6.2,2,59,691900
0.7,1,61,352300
5.6,1,50,571400
7.9,1,72,694700
1.5,1,40,474800
12.5,3,54,974400
0.8,1,51,372500
13.9,1,59,820000
1.5,2,64,469800
12.7,1,45,730300
13.5,1,71,843400
14.7,2,61,874200
12.0,2,32,809100
11.7,3,31,816000
9.6,2,60,784900
