study_hours,attendance_pct,previous_score,passed
3.9,87,53,1
2.7,95,61,1
5.2,64,41,0
3.1,56,86,0
5.6,98,77,1
6.8,58,64,1
0.7,60,40,0
0.0,65,63,0
2.1,76,43,0
8.9,94,82,1
6.5,88,72,1
1.7,85,61,0
8.9,59,23,1
4.7,68,45,0
4.8,74,70,0
9.4,57,78,1
0.6,64,77,0
2.2,65,36,0
5.9,56,65,0
2.0,78,75,0
6.8,85,35,0
2.1,53,60,0
1.0,74,64,0
2.1,89,55,0
4.2,87,32,0
1.8,91,55,0
1.3,72,55,0
8.6,91,58,1
3.2,62,52,0
3.6,68,53,0
0.6,59,59,0
3.6,73,67,0
2.6,70,55,0
6.1,62,54,0
2.1,88,61,1
8.9,66,31,0
9.3,64,67,1
1.0,57,60,0
1.1,72,61,0
1.2,65,74,0
6.2,68,31,0
1.2,62,30,0
8.5,88,64,1
7.5,97,60,1
8.2,75,63,1
5.3,82,53,1
10.0,93,70,1
0.4,100,74,0
4.0,81,67,1
3.2,94,56,0
9.5,95,28,1
5.8,90,72,1
8.1,73,78,1
1.7,54,70,0
9.8,51,47,1
5.0,74,70,1
4.9,75,73,1
9.7,70,83,1
3.8,78,47,0
4.0,78,57,0
5.8,92,71,1
1.3,55,61,0
3.2,61,43,0
1.9,90,66,0
1.0,92,69,0
8.7,100,61,1
5.9,94,63,1
3.6,94,56,0
4.1,66,82,1
4.3,70,46,0
6.3,63,51,0
9.3,80,60,1
9.3,97,73,1
3.9,67,38,0
3.3,78,40,0
4.5,65,29,0
5.7,58,60,1
4.6,60,43,0
6.6,53,54,0
5.5,97,70,1
3.2,70,50,0
3.5,92,63,1
3.8,84,56,0
0.9,60,70,0
1.7,59,67,0
7.2,91,50,1
3.9,63,57,0
2.1,96,76,1
5.6,57,66,0
7.6,84,39,1
2.6,91,70,0
8.3,62,44,1
9.3,64,81,1
6.0,98,75,0
6.7,63,64,1
0.5,71,62,0
9.5,72,57,1
3.9,63,70,0
9.2,89,54,1
5.8,89,64,1
0.0,69,73,0
0.4,92,52,0
6.8,61,51,1
5.6,50,42,0
0.3,79,44,0
7.4,100,33,1
8.5,52,71,1
5.0,60,87,0
4.7,76,81,1
0.1,90,36,0
7.9,54,71,1
3.3,70,81,1
8.8,87,53,1
3.7,69,62,0
5.7,59,30,0
2.7,60,64,0
1.6,71,44,0
7.7,74,63,1
5.0,93,37,0
5.4,82,68,1
9.7,85,75,1
9.6,99,48,1
8.6,71,43,1
1.9,70,28,0
5.9,96,56,1
8.8,62,51,1
3.7,86,37,0
1.0,88,67,0
8.1,55,53,1
4.8,73,44,0
5.6,60,52,0
9.8,59,76,1
6.1,73,69,1
4.2,64,58,0
3.7,90,69,0
4.2,95,43,0
1.2,90,60,0
7.9,63,62,0
8.4,64,53,1
2.8,63,67,0
3.0,57,48,0
8.7,97,68,1
0.2,70,68,0
5.2,61,20,0
4.6,92,78,0
6.9,70,20,0
1.6,52,51,0
6.7,58,75,1
3.8,82,55,1
6.2,89,38,0
0.4,61,44,0
4.6,96,75,1
5.2,93,31,0
2.1,92,77,0
1.4,61,59,0
1.9,53,42,0
3.4,93,51,0
1.0,65,45,0
9.5,81,73,1
4.0,88,71,1
8.1,56,34,1
9.7,89,54,1
0.8,97,47,0
6.5,86,79,1
8.7,72,40,1
6.3,94,84,1
4.3,76,60,0
4.3,87,43,1
0.4,91,50,0
5.3,87,48,0
9.9,64,41,1
9.6,56,61,1
0.4,62,42,0
7.1,75,27,0
3.0,75,54,0
9.0,79,33,1
0.5,70,49,0
9.4,89,46,1
8.4,96,47,1
1.2,62,90,0
0.6,87,61,0
8.3,84,64,1
1.6,76,33,0
5.3,59,50,0
9.2,90,63,1
5.7,98,45,1
4.0,86,74,1
4.5,96,42,0
0.6,99,56,0
9.7,68,51,1
3.1,82,62,0
1.9,74,50,0
2.9,99,56,0
9.6,55,56,0
0.9,71,49,0
8.7,94,67,1
7.1,64,64,1
8.3,89,59,1
9.8,69,54,1
8.4,99,72,1
9.4,94,56,1
1.3,65,55,0
8.0,89,62,1
5.5,67,85,1
5.4,80,40,1
9.0,83,72,1
9.7,91,32,1
7.0,51,63,1
4.8,61,84,0
4.6,86,67,1
3.9,78,63,1
3.6,75,52,0
3.9,53,60,0
0.9,67,56,0
0.8,93,48,0
7.8,52,56,0
4.5,70,63,1
9.3,97,48,1
6.1,53,48,0
0.4,87,40,0
1.6,63,66,0
2.1,93,68,0
9.8,87,63,1
2.2,94,74,1
5.2,61,61,1
9.4,77,66,1
9.8,89,65,1
2.4,62,59,0
0.5,62,52,0
1.5,51,93,0
0.6,98,53,0
2.0,86,50,0
5.7,82,67,1
9.1,87,64,1
5.4,77,39,0
6.3,74,77,1
2.0,72,59,0
8.0,82,43,1
6.2,60,78,1
8.6,94,69,1
9.5,91,41,1
3.5,67,87,0
0.9,79,70,0
2.3,57,60,0
4.4,99,84,1
9.5,95,62,1
3.8,96,60,0
7.7,67,50,1
5.4,58,69,0
1.8,61,67,0
3.2,55,60,0
6.5,56,48,0
6.7,54,62,1
4.3,99,59,1
2.3,54,40,0
7.2,57,38,0
1.7,91,68,0
9.4,79,21,1
1.9,89,63,0
1.1,82,53,0
5.0,94,80,1
5.2,82,53,1
5.1,76,70,1
4.4,86,54,0
9.9,72,62,1
4.9,67,71,1
4.8,73,53,1
4.2,58,75,1
0.7,90,45,0
5.9,63,64,0
2.3,58,74,0
6.4,62,70,1
0.5,92,89,1
9.8,67,49,1
4.7,84,39,0
9.0,93,45,1
4.8,54,70,1
0.6,88,67,0
8.2,65,62,0
6.5,61,43,0
7.8,84,72,1
4.3,95,42,1
6.4,65,77,1
8.6,78,100,1
6.3,64,65,0
3.5,78,69,0
6.6,81,53,0
6.7,81,33,0
9.6,81,51,1
3.7,57,44,0
4.3,85,38,0
8.1,84,86,1
5.1,84,64,0
7.4,54,66,1
4.6,72,55,0
2.2,70,57,0
7.5,54,74,1
1.3,61,60,0
2.0,72,68,0
6.3,87,57,1
